Time,us_election_results
2022-01-01,0.0
2022-01-02,0.0
2022-01-03,0.0
2022-01-04,0.0
2022-01-05,0.0
2022-01-06,0.0
2022-01-07,0.0
2022-01-08,0.0
2022-01-09,0.0
2022-01-10,0.0
2022-01-11,0.0
2022-01-12,0.0
2022-01-13,0.0
2022-01-14,0.0
2022-01-15,0.0
2022-01-16,0.0
2022-01-17,0.0
2022-01-18,0.0
2022-01-19,0.0
2022-01-20,0.0
2022-01-21,0.0
2022-01-22,0.0
2022-01-23,0.0
2022-01-24,0.0
2022-01-25,10.0
2022-01-26,0.0
2022-01-27,0.0
2022-01-28,0.0
2022-01-29,0.0
2022-01-30,16.0
2022-01-31,0.0
2022-02-01,0.0
2022-02-02,0.0
2022-02-03,0.0
2022-02-04,0.0
2022-02-05,0.0
2022-02-06,0.0
2022-02-07,0.0
2022-02-08,0.0
2022-02-09,0.0
2022-02-10,0.0
2022-02-11,0.0
2022-02-12,0.0
2022-02-13,0.0
2022-02-14,0.0
2022-02-15,0.0
2022-02-16,0.0
2022-02-17,0.0
2022-02-18,0.0
2022-02-19,0.0
2022-02-20,0.0
2022-02-21,0.0
2022-02-22,0.0
2022-02-23,17.0
2022-02-24,11.0
2022-02-25,0.0
2022-02-26,0.0
2022-02-27,0.0
2022-02-28,11.0
2022-03-01,0.0
2022-03-02,45.0
2022-03-03,10.0
2022-03-04,0.0
2022-03-05,0.0
2022-03-06,0.0
2022-03-07,18.0
2022-03-08,0.0
2022-03-09,14.0
2022-03-10,0.0
2022-03-11,0.0
2022-03-12,0.0
2022-03-13,0.0
2022-03-14,13.0
2022-03-15,0.0
2022-03-16,0.0
2022-03-17,0.0
2022-03-18,0.0
2022-03-19,0.0
2022-03-20,0.0
2022-03-21,0.0
2022-03-22,0.0
2022-03-23,0.0
2022-03-24,0.0
2022-03-25,13.0
2022-03-26,0.0
2022-03-27,0.0
2022-03-28,8.0
2022-03-29,9.0
2022-03-30,0.0
2022-03-31,9.0
2022-04-01,0.0
2022-04-02,0.0
2022-04-03,0.0
2022-04-04,0.0
2022-04-05,0.0
2022-04-06,28.0
2022-04-07,0.0
2022-04-08,0.0
2022-04-09,0.0
2022-04-10,11.0
2022-04-11,11.0
2022-04-12,0.0
2022-04-13,0.0
2022-04-14,0.0
2022-04-15,0.0
2022-04-16,0.0
2022-04-17,0.0
2022-04-18,0.0
2022-04-19,0.0
2022-04-20,0.0
2022-04-21,0.0
2022-04-22,11.0
2022-04-23,11.0
2022-04-24,23.0
2022-04-25,10.0
2022-04-26,11.0
2022-04-27,0.0
2022-04-28,8.0
2022-04-29,15.0
2022-04-30,0.0
2022-05-01,0.0
2022-05-02,9.0
2022-05-03,15.0
2022-05-04,37.0
2022-05-05,20.0
2022-05-06,10.0
2022-05-07,0.0
2022-05-08,0.0
2022-05-09,19.0
2022-05-10,16.0
2022-05-11,16.0
2022-05-12,0.0
2022-05-13,0.0
2022-05-14,0.0
2022-05-15,0.0
2022-05-16,0.0
2022-05-17,10.0
2022-05-18,100.0
2022-05-19,37.0
2022-05-20,23.0
2022-05-21,17.0
2022-05-22,0.0
2022-05-23,13.0
2022-05-24,14.0
2022-05-25,80.0
2022-05-26,25.0
2022-05-27,0.0
2022-05-28,0.0
2022-05-29,0.0
2022-05-30,0.0
2022-05-31,0.0
2022-06-01,0.0
2022-06-02,11.0
2022-06-03,0.0
2022-06-04,0.0
2022-06-05,0.0
2022-06-06,0.0
2022-06-07,11.0
2022-06-08,56.0
2022-06-09,23.0
2022-06-10,19.0
2022-06-11,0.0
2022-06-12,13.0
2022-06-13,12.0
2022-06-14,0.0
2022-06-15,27.0
2022-06-16,11.0
2022-06-17,11.0
2022-06-18,13.0
2022-06-19,0.0
2022-06-20,0.0
2022-06-21,14.0
2022-06-22,14.0
2022-06-23,0.0
2022-06-24,0.0
2022-06-25,0.0
2022-06-26,15.0
2022-06-27,15.0
2022-06-28,0.0
2022-06-29,51.0
2022-06-30,14.0
2022-07-01,0.0
2022-07-02,0.0
2022-07-03,0.0
2022-07-04,0.0
2022-07-05,14.0
2022-07-06,0.0
2022-07-07,16.0
2022-07-08,0.0
2022-07-09,0.0
2022-07-10,0.0
2022-07-11,11.0
2022-07-12,0.0
2022-07-13,0.0
2022-07-14,0.0
2022-07-15,0.0
2022-07-16,0.0
2022-07-17,0.0
2022-07-18,0.0
2022-07-19,0.0
2022-07-20,23.0
2022-07-21,0.0
2022-07-22,12.0
2022-07-23,0.0
2022-07-24,0.0
2022-07-25,0.0
2022-07-26,0.0
2022-07-27,14.0
2022-07-28,0.0
2022-07-29,0.0
2022-07-30,0.0
2022-07-31,0.0
2022-08-01,0.0
2022-08-02,16.0
2022-08-03,94.0
2022-08-04,26.0
2022-08-05,19.0
2022-08-06,0.0
2022-08-07,0.0
2022-08-08,0.0
2022-08-09,0.0
2022-08-10,25.0
2022-08-11,0.0
2022-08-12,0.0
2022-08-13,0.0
2022-08-14,0.0
2022-08-15,0.0
2022-08-16,0.0
2022-08-17,39.0
2022-08-18,11.0
2022-08-19,0.0
2022-08-20,17.0
2022-08-21,0.0
2022-08-22,12.0
2022-08-23,14.0
2022-08-24,51.0
2022-08-25,11.0
2022-08-26,0.0
2022-08-27,0.0
2022-08-28,0.0
2022-08-29,0.0
2022-08-30,0.0
2022-08-31,0.0
2022-09-01,20.5
2022-09-02,0.0
2022-09-03,0.0
2022-09-04,0.0
2022-09-05,0.0
2022-09-06,0.0
2022-09-07,6.5
2022-09-08,0.0
2022-09-09,0.0
2022-09-10,0.0
2022-09-11,0.0
2022-09-12,0.0
2022-09-13,5.0
2022-09-14,0.0
2022-09-15,0.0
2022-09-16,0.0
2022-09-17,0.0
2022-09-18,0.0
2022-09-19,6.5
2022-09-20,0.0
2022-09-21,0.0
2022-09-22,5.5
2022-09-23,0.0
2022-09-24,0.0
2022-09-25,0.0
2022-09-26,11.0
2022-09-27,0.0
2022-09-28,0.0
2022-09-29,0.0
2022-09-30,0.0
2022-10-01,0.0
2022-10-02,0.0
2022-10-03,0.0
2022-10-04,0.0
2022-10-05,0.0
2022-10-06,0.0
2022-10-07,0.0
2022-10-08,0.0
2022-10-09,0.0
2022-10-10,0.0
2022-10-11,0.0
2022-10-12,0.0
2022-10-13,0.0
2022-10-14,0.0
2022-10-15,0.0
2022-10-16,0.0
2022-10-17,0.0
2022-10-18,0.0
2022-10-19,0.0
2022-10-20,0.0
2022-10-21,0.0
2022-10-22,0.0
2022-10-23,0.0
2022-10-24,0.0
2022-10-25,0.0
2022-10-26,0.0
2022-10-27,0.0
2022-10-28,0.0
2022-10-29,0.0
2022-10-30,0.0
2022-10-31,0.0
2022-11-01,0.0
2022-11-02,0.0
2022-11-03,0.0
2022-11-04,0.0
2022-11-05,0.0
2022-11-06,0.0
2022-11-07,0.0
2022-11-08,2.0
2022-11-09,100.0
2022-11-10,41.0
2022-11-11,27.0
2022-11-12,26.0
2022-11-13,31.0
2022-11-14,16.0
2022-11-15,16.0
2022-11-16,14.0
2022-11-17,10.0
2022-11-18,6.0
2022-11-19,4.0
2022-11-20,3.0
2022-11-21,3.0
2022-11-22,3.0
2022-11-23,2.0
2022-11-24,3.0
2022-11-25,1.0
2022-11-26,1.0
2022-11-27,1.0
2022-11-28,1.0
2022-11-29,1.0
2022-11-30,1.0
2022-12-01,1.0
2022-12-02,1.0
2022-12-03,1.0
2022-12-04,1.0
2022-12-05,1.0
2022-12-06,1.0
2022-12-07,3.0
2022-12-08,1.0
2022-12-09,1.0
2022-12-10,0.0
2022-12-11,0.0
2022-12-12,0.0
2022-12-13,1.0
2022-12-14,0.0
2022-12-15,0.0
2022-12-16,0.0
2022-12-17,0.0
2022-12-18,0.0
2022-12-19,0.0
2022-12-20,0.0
2022-12-21,0.0
2022-12-22,0.0
2022-12-23,0.0
2022-12-24,0.0
2022-12-25,0.0
2022-12-26,0.0
2022-12-27,0.0
2022-12-28,0.0
2022-12-29,0.0
2022-12-30,0.0
2022-12-31,0.0
2023-01-01,0.0
2023-01-02,0.0
2023-01-03,0.0
2023-01-04,0.0
2023-01-05,0.0
2023-01-06,0.0
2023-01-07,0.0
2023-01-08,0.0
2023-01-09,0.0
2023-01-10,0.0
2023-01-11,0.0
2023-01-12,0.0
2023-01-13,0.0
2023-01-14,0.0
2023-01-15,0.0
2023-01-16,0.0
2023-01-17,0.0
2023-01-18,0.0
2023-01-19,0.0
2023-01-20,0.0
2023-01-21,0.0
2023-01-22,0.0
2023-01-23,0.0
2023-01-24,0.0
2023-01-25,0.0
2023-01-26,0.0
2023-01-27,0.0
2023-01-28,0.0
2023-01-29,0.0
2023-01-30,0.0
2023-01-31,0.0
2023-02-01,0.0
2023-02-02,0.0
2023-02-03,0.0
2023-02-04,0.0
2023-02-05,0.0
2023-02-06,0.0
2023-02-07,0.0
2023-02-08,0.0
2023-02-09,0.0
2023-02-10,0.0
2023-02-11,0.0
2023-02-12,0.0
2023-02-13,0.0
2023-02-14,0.0
2023-02-15,0.0
2023-02-16,0.0
2023-02-17,0.0
2023-02-18,0.0
2023-02-19,0.0
2023-02-20,0.0
2023-02-21,0.0
2023-02-22,0.0
2023-02-23,0.0
2023-02-24,0.0
2023-02-25,0.0
2023-02-26,0.0
2023-02-27,0.0
2023-02-28,0.0
2023-03-01,0.0
2023-03-02,0.0
2023-03-03,0.0
2023-03-04,0.0
2023-03-05,0.0
2023-03-06,0.0
2023-03-07,0.0
2023-03-08,0.0
2023-03-09,0.0
2023-03-10,0.0
2023-03-11,0.0
2023-03-12,0.0
2023-03-13,0.0
2023-03-14,0.0
2023-03-15,0.0
2023-03-16,0.0
2023-03-17,0.0
2023-03-18,0.0
2023-03-19,0.0
2023-03-20,0.0
2023-03-21,0.0
2023-03-22,0.0
2023-03-23,0.0
2023-03-24,0.0
2023-03-25,0.0
2023-03-26,0.0
2023-03-27,0.0
2023-03-28,0.0
2023-03-29,0.0
2023-03-30,0.0
2023-03-31,0.0
2023-04-01,0.0
2023-04-02,0.0
2023-04-03,0.0
2023-04-04,0.0
2023-04-05,0.0
2023-04-06,0.0
2023-04-07,0.0
2023-04-08,0.0
2023-04-09,0.0
2023-04-10,0.0
2023-04-11,0.0
2023-04-12,0.0
2023-04-13,0.0
2023-04-14,0.0
2023-04-15,0.0
2023-04-16,0.0
2023-04-17,0.0
2023-04-18,0.0
2023-04-19,0.0
2023-04-20,0.0
2023-04-21,0.0
2023-04-22,0.0
2023-04-23,0.0
2023-04-24,0.0
2023-04-25,0.0
2023-04-26,0.0
2023-04-27,0.0
2023-04-28,0.0
2023-04-29,0.0
2023-04-30,0.0
2023-05-01,0.0
2023-05-02,0.0
2023-05-03,0.0
2023-05-04,3.0
2023-05-05,0.0
2023-05-06,0.0
2023-05-07,0.0
2023-05-08,3.0
2023-05-09,1.5
2023-05-10,0.0
2023-05-11,1.5
2023-05-12,0.0
2023-05-13,0.0
2023-05-14,2.5
2023-05-15,0.0
2023-05-16,2.0
2023-05-17,3.5
2023-05-18,0.0
2023-05-19,0.0
2023-05-20,0.0
2023-05-21,0.0
2023-05-22,0.0
2023-05-23,0.0
2023-05-24,0.0
2023-05-25,2.0
2023-05-26,0.0
2023-05-27,0.0
2023-05-28,0.0
2023-05-29,0.0
2023-05-30,0.0
2023-05-31,0.0
2023-06-01,0.0
2023-06-02,0.0
2023-06-03,0.0
2023-06-04,0.0
2023-06-05,0.0
2023-06-06,0.0
2023-06-07,0.0
2023-06-08,0.0
2023-06-09,0.0
2023-06-10,0.0
2023-06-11,0.0
2023-06-12,0.0
2023-06-13,0.0
2023-06-14,0.0
2023-06-15,0.0
2023-06-16,0.0
2023-06-17,0.0
2023-06-18,0.0
2023-06-19,0.0
2023-06-20,0.0
2023-06-21,0.0
2023-06-22,4.0
2023-06-23,0.0
2023-06-24,0.0
2023-06-25,0.0
2023-06-26,0.0
2023-06-27,0.0
2023-06-28,0.0
2023-06-29,0.0
2023-06-30,0.0
2023-07-01,0.0
2023-07-02,0.0
2023-07-03,0.0
2023-07-04,0.0
2023-07-05,0.0
2023-07-06,0.0
2023-07-07,0.0
2023-07-08,0.0
2023-07-09,0.0
2023-07-10,0.0
2023-07-11,0.0
2023-07-12,0.0
2023-07-13,0.0
2023-07-14,0.0
2023-07-15,0.0
2023-07-16,0.0
2023-07-17,0.0
2023-07-18,0.0
2023-07-19,0.0
2023-07-20,0.0
2023-07-21,0.0
2023-07-22,0.0
2023-07-23,0.0
2023-07-24,0.0
2023-07-25,0.0
2023-07-26,0.0
2023-07-27,0.0
2023-07-28,0.0
2023-07-29,0.0
2023-07-30,0.0
2023-07-31,0.0
2023-08-01,0.0
2023-08-02,0.0
2023-08-03,0.0
2023-08-04,0.0
2023-08-05,0.0
2023-08-06,0.0
2023-08-07,0.0
2023-08-08,0.0
2023-08-09,6.0
2023-08-10,0.0
2023-08-11,0.0
2023-08-12,0.0
2023-08-13,0.0
2023-08-14,0.0
2023-08-15,0.0
2023-08-16,0.0
2023-08-17,0.0
2023-08-18,0.0
2023-08-19,0.0
2023-08-20,0.0
2023-08-21,0.0
2023-08-22,0.0
2023-08-23,0.0
2023-08-24,0.0
2023-08-25,0.0
2023-08-26,0.0
2023-08-27,0.0
2023-08-28,0.0
2023-08-29,0.0
2023-08-30,5.0
2023-08-31,0.0
2023-09-01,0.0
2023-09-02,0.0
2023-09-03,0.0
2023-09-04,0.0
2023-09-05,5.0
2023-09-06,0.0
2023-09-07,3.0
2023-09-08,0.0
2023-09-09,0.0
2023-09-10,0.0
2023-09-11,0.0
2023-09-12,0.0
2023-09-13,0.0
2023-09-14,0.0
2023-09-15,0.0
2023-09-16,0.0
2023-09-17,0.0
2023-09-18,0.0
2023-09-19,4.0
2023-09-20,0.0
2023-09-21,0.0
2023-09-22,0.0
2023-09-23,0.0
2023-09-24,0.0
2023-09-25,0.0
2023-09-26,4.0
2023-09-27,0.0
2023-09-28,3.0
2023-09-29,0.0
2023-09-30,0.0
2023-10-01,0.0
2023-10-02,0.0
2023-10-03,5.0
2023-10-04,0.0
2023-10-05,0.0
2023-10-06,0.0
2023-10-07,0.0
2023-10-08,0.0
2023-10-09,0.0
2023-10-10,0.0
2023-10-11,0.0
2023-10-12,0.0
2023-10-13,0.0
2023-10-14,0.0
2023-10-15,4.0
2023-10-16,0.0
2023-10-17,0.0
2023-10-18,4.0
2023-10-19,0.0
2023-10-20,4.0
2023-10-21,0.0
2023-10-22,0.0
2023-10-23,4.0
2023-10-24,4.0
2023-10-25,3.0
2023-10-26,3.0
2023-10-27,0.0
2023-10-28,0.0
2023-10-29,0.0
2023-10-30,0.0
2023-10-31,0.0
2023-11-01,0.0
2023-11-02,0.0
2023-11-03,0.0
2023-11-04,0.0
2023-11-05,0.0
2023-11-06,0.0
2023-11-07,14.0
2023-11-08,100.0
2023-11-09,27.0
2023-11-10,9.0
2023-11-11,5.0
2023-11-12,6.0
2023-11-13,7.0
2023-11-14,0.0
2023-11-15,0.0
2023-11-16,3.0
2023-11-17,0.0
2023-11-18,0.0
2023-11-19,0.0
2023-11-20,3.0
2023-11-21,0.0
2023-11-22,0.0
2023-11-23,0.0
2023-11-24,0.0
2023-11-25,0.0
2023-11-26,0.0
2023-11-27,5.0
2023-11-28,0.0
2023-11-29,0.0
2023-11-30,3.0
2023-12-01,0.0
2023-12-02,0.0
2023-12-03,0.0
2023-12-04,4.0
2023-12-05,0.0
2023-12-06,0.0
2023-12-07,0.0
2023-12-08,0.0
2023-12-09,0.0
2023-12-10,0.0
2023-12-11,3.0
2023-12-12,0.0
2023-12-13,0.0
2023-12-14,0.0
2023-12-15,0.0
2023-12-16,0.0
2023-12-17,0.0
2023-12-18,0.0
2023-12-19,0.0
2023-12-20,4.0
2023-12-21,0.0
2023-12-22,0.0
2023-12-23,0.0
2023-12-24,0.0
2023-12-25,0.0
2023-12-26,0.0
2023-12-27,0.0
2023-12-28,0.0
2023-12-29,0.0
2023-12-30,0.0
2023-12-31,0.0
2024-01-01,0.0
2024-01-02,0.0
2024-01-03,0.0
2024-01-04,0.0
2024-01-05,0.0
2024-01-06,0.0
2024-01-07,0.0
2024-01-08,0.0
2024-01-09,7.5
2024-01-10,0.0
2024-01-11,0.0
2024-01-12,8.5
2024-01-13,0.0
2024-01-14,0.0
2024-01-15,0.0
2024-01-16,12.0
2024-01-17,0.0
2024-01-18,7.5
2024-01-19,0.0
2024-01-20,0.0
2024-01-21,12.0
2024-01-22,0.0
2024-01-23,14.0
2024-01-24,19.0
2024-01-25,9.0
2024-01-26,0.0
2024-01-27,0.0
2024-01-28,15.0
2024-01-29,11.0
2024-01-30,0.0
2024-01-31,13.0
2024-02-01,12.0
2024-02-02,13.0
2024-02-03,11.0
2024-02-04,0.0
2024-02-05,12.0
2024-02-06,0.0
2024-02-07,0.0
2024-02-08,0.0
2024-02-09,0.0
2024-02-10,0.0
2024-02-11,0.0
2024-02-12,11.0
2024-02-13,0.0
2024-02-14,26.0
2024-02-15,0.0
2024-02-16,0.0
2024-02-17,0.0
2024-02-18,0.0
2024-02-19,0.0
2024-02-20,0.0
2024-02-21,0.0
2024-02-22,0.0
2024-02-23,0.0
2024-02-24,0.0
2024-02-25,0.0
2024-02-26,0.0
2024-02-27,10.0
2024-02-28,10.0
2024-02-29,0.0
2024-03-01,16.0
2024-03-02,0.0
2024-03-03,0.0
2024-03-04,10.0
2024-03-05,15.0
2024-03-06,100.0
2024-03-07,38.0
2024-03-08,15.0
2024-03-09,0.0
2024-03-10,0.0
2024-03-11,11.0
2024-03-12,14.0
2024-03-13,14.0
2024-03-14,0.0
2024-03-15,0.0
2024-03-16,0.0
2024-03-17,13.0
2024-03-18,11.0
2024-03-19,11.0
2024-03-20,29.0
2024-03-21,14.0
2024-03-22,10.0
2024-03-23,0.0
2024-03-24,0.0
2024-03-25,0.0
2024-03-26,10.0
2024-03-27,0.0
2024-03-28,0.0
2024-03-29,0.0
2024-03-30,15.0
2024-03-31,0.0
2024-04-01,0.0
2024-04-02,0.0
2024-04-03,14.0
2024-04-04,0.0
2024-04-05,15.0
2024-04-06,0.0
2024-04-07,0.0
2024-04-08,0.0
2024-04-09,0.0
2024-04-10,0.0
2024-04-11,0.0
2024-04-12,0.0
2024-04-13,0.0
2024-04-14,0.0
2024-04-15,0.0
2024-04-16,14.0
2024-04-17,0.0
2024-04-18,0.0
2024-04-19,10.0
2024-04-20,0.0
2024-04-21,0.0
2024-04-22,0.0
2024-04-23,0.0
2024-04-24,16.0
2024-04-25,12.0
2024-04-26,0.0
2024-04-27,0.0
2024-04-28,0.0
2024-04-29,0.0
2024-04-30,0.0
2024-05-01,10.0
2024-05-02,11.0
2024-05-03,0.0
2024-05-04,0.0
2024-05-05,0.0
2024-05-06,14.0
2024-05-07,0.0
2024-05-08,10.0
2024-05-09,11.0
2024-05-10,0.0
2024-05-11,0.0
2024-05-12,0.0
2024-05-13,0.0
2024-05-14,0.0
2024-05-15,25.0
2024-05-16,0.0
2024-05-17,0.0
2024-05-18,0.0
2024-05-19,0.0
2024-05-20,0.0
2024-05-21,0.0
2024-05-22,15.0
2024-05-23,0.0
2024-05-24,0.0
2024-05-25,0.0
2024-05-26,0.0
2024-05-27,0.0
2024-05-28,10.0
2024-05-29,14.0
2024-05-30,0.0
2024-05-31,0.0
2024-06-01,0.0
2024-06-02,0.0
2024-06-03,11.0
2024-06-04,46.0
2024-06-05,29.0
2024-06-06,0.0
2024-06-07,0.0
2024-06-08,0.0
2024-06-09,12.0
2024-06-10,0.0
2024-06-11,0.0
2024-06-12,12.0
2024-06-13,10.0
2024-06-14,0.0
2024-06-15,0.0
2024-06-16,0.0
2024-06-17,11.0
2024-06-18,0.0
2024-06-19,13.0
2024-06-20,0.0
2024-06-21,11.0
2024-06-22,0.0
2024-06-23,0.0
2024-06-24,0.0
2024-06-25,0.0
2024-06-26,18.0
2024-06-27,0.0
2024-06-28,25.0
2024-06-29,0.0
2024-06-30,0.0
2024-07-01,13.0
2024-07-02,0.0
2024-07-03,11.0
2024-07-04,20.0
2024-07-05,25.0
2024-07-06,0.0
2024-07-07,13.0
2024-07-08,21.0
2024-07-09,15.0
2024-07-10,0.0
2024-07-11,0.0
2024-07-12,13.0
2024-07-13,0.0
2024-07-14,16.0
2024-07-15,15.0
2024-07-16,0.0
2024-07-17,20.0
2024-07-18,11.0
2024-07-19,13.0
2024-07-20,11.0
2024-07-21,28.0
2024-07-22,29.0
2024-07-23,21.0
2024-07-24,14.0
2024-07-25,14.0
2024-07-26,16.0
2024-07-27,13.0
2024-07-28,17.0
2024-07-29,11.0
2024-07-30,12.0
2024-07-31,18.0
2024-08-01,15.0
2024-08-02,14.0
2024-08-03,0.0
2024-08-04,0.0
2024-08-05,0.0
2024-08-06,15.0
2024-08-07,42.0
2024-08-08,21.0
2024-08-09,14.0
2024-08-10,11.0
2024-08-11,0.0
2024-08-12,14.0
2024-08-13,18.0
2024-08-14,22.0
2024-08-15,0.0
2024-08-16,0.0
2024-08-17,0.0
2024-08-18,8.0
2024-08-19,5.5
2024-08-20,7.5
2024-08-21,9.5
2024-08-22,7.0
2024-08-23,7.0
2024-08-24,0.0
2024-08-25,0.0
2024-08-26,0.0
2024-08-27,6.5
2024-08-28,5.0
2024-08-29,6.0
2024-08-30,5.0
2024-08-31,0.0
2024-09-01,0.0
2024-09-02,6.5
2024-09-03,5.5
2024-09-04,0.0
2024-09-05,7.5
2024-09-06,7.5
2024-09-07,6.5
2024-09-08,0.0
2024-09-09,5.0
2024-09-10,6.5
2024-09-11,19.5
2024-09-12,10.5
2024-09-13,8.5
2024-09-14,7.5
2024-09-15,11.5
2024-09-16,9.0
2024-09-17,0.0
2024-09-18,0.0
2024-09-19,0.0
2024-09-20,0.0
2024-09-21,0.0
2024-09-22,0.0
2024-09-23,0.0
2024-09-24,0.0
2024-09-25,0.0
2024-09-26,0.0
2024-09-27,0.0
2024-09-28,0.0
2024-09-29,0.0
2024-09-30,0.0
2024-10-01,0.0
2024-10-02,0.0
2024-10-03,0.0
2024-10-04,0.0
2024-10-05,0.0
2024-10-06,0.0
2024-10-07,0.0
2024-10-08,0.0
2024-10-09,0.0
2024-10-10,0.0
2024-10-11,0.0
2024-10-12,0.0
2024-10-13,0.0
2024-10-14,0.0
2024-10-15,0.0
2024-10-16,0.0
2024-10-17,0.0
2024-10-18,0.0
2024-10-19,0.0
2024-10-20,0.0
2024-10-21,0.0
2024-10-22,0.0
2024-10-23,0.0
2024-10-24,0.0
2024-10-25,0.0
2024-10-26,0.0
2024-10-27,0.0
2024-10-28,0.0
2024-10-29,0.0
2024-10-30,0.0
2024-10-31,0.0
2024-11-01,0.0
2024-11-02,0.0
2024-11-03,0.0
2024-11-04,1.0
2024-11-05,7.0
2024-11-06,100.0
2024-11-07,18.0
2024-11-08,11.0
2024-11-09,9.0
2024-11-10,8.0
2024-11-11,5.0
2024-11-12,5.0
2024-11-13,4.0
2024-11-14,3.0
2024-11-15,2.0
2024-11-16,2.0
2024-11-17,1.0
2024-11-18,1.0
2024-11-19,1.0
2024-11-20,1.0
2024-11-21,1.0
2024-11-22,1.0
2024-11-23,1.0
2024-11-24,1.0
2024-11-25,1.0
2024-11-26,1.0
2024-11-27,1.0
2024-11-28,1.0
2024-11-29,1.0
2024-11-30,1.0
2024-12-01,0.0
2024-12-02,0.0
2024-12-03,0.0
2024-12-04,1.0
2024-12-05,0.0
2024-12-06,0.0
2024-12-07,0.0
2024-12-08,0.0
2024-12-09,0.0
2024-12-10,0.0
2024-12-11,0.0
2024-12-12,0.0
2024-12-13,0.0
2024-12-14,0.0
2024-12-15,0.0
2024-12-16,0.0
2024-12-17,0.0
2024-12-18,0.0
2024-12-19,0.0
2024-12-20,0.0
2024-12-21,0.0
2024-12-22,0.0
2024-12-23,0.0
2024-12-24,0.0
2024-12-25,0.0
2024-12-26,0.0
2024-12-27,0.0
2024-12-28,0.0
2024-12-29,0.0
2024-12-30,0.0
2024-12-31,0.0
2025-01-01,0.0
2025-01-02,0.0
2025-01-03,0.0
2025-01-04,0.0
2025-01-05,0.0
2025-01-06,0.0
2025-01-07,0.0
2025-01-08,0.0
2025-01-09,0.0
2025-01-10,0.0
2025-01-11,0.0
2025-01-12,0.0
2025-01-13,0.0
2025-01-14,0.0
2025-01-15,0.0
2025-01-16,0.0
2025-01-17,0.0
2025-01-18,0.0
2025-01-19,0.0
2025-01-20,0.0
2025-01-21,0.0
2025-01-22,0.0
2025-01-23,0.0
2025-01-24,0.0
2025-01-25,0.0
2025-01-26,0.0
2025-01-27,0.0
2025-01-28,0.0
2025-01-29,0.0
2025-01-30,0.0
2025-01-31,0.0
2025-02-01,0.0
2025-02-02,0.0
2025-02-03,0.0
2025-02-04,0.0
2025-02-05,0.0
2025-02-06,0.0
2025-02-07,0.0
2025-02-08,0.0
2025-02-09,0.0
2025-02-10,0.0
2025-02-11,0.0
2025-02-12,0.0
2025-02-13,0.0
2025-02-14,0.0
2025-02-15,0.0
2025-02-16,0.0
2025-02-17,0.0
2025-02-18,0.0
2025-02-19,0.0
2025-02-20,0.0
2025-02-21,0.0
2025-02-22,0.0
2025-02-23,0.0
2025-02-24,0.0
2025-02-25,0.0
2025-02-26,0.0
2025-02-27,0.0
2025-02-28,0.0
2025-03-01,0.0
2025-03-02,0.0
2025-03-03,0.0
2025-03-04,0.0
2025-03-05,0.0
2025-03-06,0.0
2025-03-07,0.0
2025-03-08,0.0
2025-03-09,0.0
2025-03-10,0.0
2025-03-11,0.0
2025-03-12,0.0
2025-03-13,0.0
2025-03-14,0.0
2025-03-15,0.0
2025-03-16,0.0
2025-03-17,0.0
2025-03-18,0.0
2025-03-19,0.0
2025-03-20,0.0
2025-03-21,0.0
2025-03-22,0.0
2025-03-23,0.0
2025-03-24,0.0
2025-03-25,0.0
2025-03-26,0.0
2025-03-27,0.0
2025-03-28,0.0
2025-03-29,0.0
2025-03-30,0.0
2025-03-31,0.0
2025-04-01,0.0
2025-04-02,0.0
2025-04-03,0.0
2025-04-04,0.0
2025-04-05,0.0
2025-04-06,0.0
2025-04-07,0.0
2025-04-08,0.0
2025-04-09,0.0
2025-04-10,0.0
2025-04-11,0.0
2025-04-12,0.0
2025-04-13,0.0
2025-04-14,0.0
2025-04-15,1.5
2025-04-16,1.0
2025-04-17,0.5
2025-04-18,0.0
2025-04-19,0.5
2025-04-20,0.0
2025-04-21,0.5
2025-04-22,0.5
2025-04-23,0.5
2025-04-24,0.0
2025-04-25,0.5
2025-04-26,0.0
2025-04-27,0.0
2025-04-28,1.0
2025-04-29,2.5
2025-04-30,1.0
2025-05-01,1.0
2025-05-02,0.5
2025-05-03,1.0
2025-05-04,1.0
2025-05-05,0.5
2025-05-06,1.0
2025-05-07,1.0
2025-05-08,0.5
2025-05-09,0.5
2025-05-10,0.5
2025-05-11,0.5
2025-05-12,0.5
2025-05-13,0.5
2025-05-14,0.5
2025-05-15,1.0
2025-05-16,2.0
2025-05-17,0.0
2025-05-18,1.0
2025-05-19,1.0
2025-05-20,1.0
2025-05-21,1.0
2025-05-22,0.0
2025-05-23,0.0
2025-05-24,0.0
2025-05-25,0.0
2025-05-26,0.0
2025-05-27,0.0
2025-05-28,1.0
2025-05-29,0.0
2025-05-30,1.0
2025-05-31,0.0
2025-06-01,1.0
2025-06-02,1.0
2025-06-03,1.0
2025-06-04,1.0
2025-06-05,1.0
2025-06-06,1.0
2025-06-07,1.0
2025-06-08,1.0
2025-06-09,1.0
2025-06-10,3.0
2025-06-11,2.0
2025-06-12,2.0
2025-06-13,2.0
2025-06-14,2.0
2025-06-15,3.0
2025-06-16,1.0
2025-06-17,2.0
2025-06-18,2.0
2025-06-19,1.0
2025-06-20,2.0
2025-06-21,2.0
2025-06-22,2.0
2025-06-23,1.0
2025-06-24,2.0
2025-06-25,3.0
2025-06-26,1.0
2025-06-27,1.0
2025-06-28,2.0
2025-06-29,1.0
2025-06-30,1.0
2025-07-01,2.0
2025-07-02,1.0
2025-07-03,2.0
2025-07-04,0.0
2025-07-05,2.0
2025-07-06,2.0
2025-07-07,1.0
2025-07-08,1.0
2025-07-09,0.0
2025-07-10,1.0
2025-07-11,1.0
2025-07-12,1.0
2025-07-13,1.0
2025-07-14,1.0
2025-07-15,2.0
2025-07-16,1.0
2025-07-17,2.0
2025-07-18,1.0
2025-07-19,3.0
2025-07-20,5.0
2025-07-21,5.0
2025-07-22,3.0
2025-07-23,2.0
2025-07-24,2.0
2025-07-25,2.0
2025-07-26,2.0
2025-07-27,3.0
2025-07-28,2.0
2025-07-29,4.0
2025-07-30,7.0
2025-07-31,7.0
2025-08-01,5.0
2025-08-02,0.0
2025-08-03,0.0
2025-08-04,0.0
2025-08-05,2.0
2025-08-06,3.0
2025-08-07,3.0
2025-08-08,1.0
2025-08-09,2.0
2025-08-10,2.0
2025-08-11,2.0
2025-08-12,1.0
2025-08-13,1.0
2025-08-14,2.0
2025-08-15,0.0
2025-08-16,0.0
2025-08-17,1.0
2025-08-18,0.0
2025-08-19,1.0
2025-08-20,1.0
2025-08-21,2.0
2025-08-22,1.0
2025-08-23,0.0
2025-08-24,2.0
2025-08-25,1.0
2025-08-26,1.0
2025-08-27,2.0
2025-08-28,1.0
2025-08-29,1.0
2025-08-30,0.0
2025-08-31,1.0
2025-09-01,1.0
2025-09-02,1.0
2025-09-03,1.0
2025-09-04,0.0
2025-09-05,0.0
2025-09-06,1.0
2025-09-07,0.0
2025-09-08,0.0
2025-09-09,1.0
2025-09-10,2.0
2025-09-11,1.0
2025-09-12,1.0
2025-09-13,0.0
2025-09-14,0.0
2025-09-15,0.0
2025-09-16,1.0
2025-09-17,1.0
2025-09-18,1.0
2025-09-19,1.0
2025-09-20,0.0
2025-09-21,1.0
2025-09-22,1.0
2025-09-23,1.0
2025-09-24,2.0
2025-09-25,1.0
2025-09-26,1.0
2025-09-27,1.0
2025-09-28,1.0
2025-09-29,1.0
2025-09-30,1.0
2025-10-01,1.0
2025-10-02,0.0
2025-10-03,2.0
2025-10-04,0.0
2025-10-05,0.0
2025-10-06,1.0
2025-10-07,1.0
2025-10-08,2.0
2025-10-09,1.0
2025-10-10,3.0
2025-10-11,2.0
2025-10-12,1.0
2025-10-13,0.0
2025-10-14,2.0
2025-10-15,6.0
2025-10-16,2.0
2025-10-17,0.0
2025-10-18,1.0
2025-10-19,2.0
2025-10-20,1.0
2025-10-21,2.0
2025-10-22,2.0
2025-10-23,2.0
2025-10-24,0.0
2025-10-25,0.0
2025-10-26,1.0
2025-10-27,3.0
2025-10-28,2.0
2025-10-29,2.0
2025-10-30,3.0
2025-10-31,2.0
2025-11-01,3.0
2025-11-02,3.0
2025-11-03,3.0
2025-11-04,17.0
2025-11-05,100.0
2025-11-06,18.0
2025-11-07,8.0
2025-11-08,6.0
2025-11-09,4.0
2025-11-10,4.0
2025-11-11,5.0
2025-11-12,4.0
2025-11-13,5.0
2025-11-14,5.0
2025-11-15,3.0
2025-11-16,3.0
2025-11-17,2.0
2025-11-18,2.0
2025-11-19,3.0
2025-11-20,3.0
2025-11-21,3.0
2025-11-22,1.0
2025-11-23,1.0
2025-11-24,3.0
2025-11-25,1.0
2025-11-26,2.0
2025-11-27,2.0
2025-11-28,2.0
2025-11-29,2.0
2025-11-30,2.0
2025-12-01,5.0
2025-12-02,5.0
2025-12-03,11.0
2025-12-04,4.0
2025-12-05,3.0
2025-12-06,2.0
2025-12-07,3.0
2025-12-08,3.0
2025-12-09,3.0
2025-12-10,5.0
2025-12-11,3.0
2025-12-12,2.0384615384615383
2025-12-13,3.9615384615384617
2025-12-14,3.230769230769231
2025-12-15,3.1153846153846154
2025-12-16,2.153846153846154
2025-12-17,3.1153846153846154
2025-12-18,3.8461538461538463
2025-12-19,1.8076923076923077
2025-12-20,2.153846153846154
2025-12-21,2.769230769230769
2025-12-22,1.9230769230769231
2025-12-23,1.8076923076923077
2025-12-24,0.0
2025-12-25,1.1923076923076923
2025-12-26,1.8076923076923077
2025-12-27,1.8076923076923077
2025-12-28,1.8076923076923077
2025-12-29,2.153846153846154
2025-12-30,2.769230769230769
2025-12-31,2.0384615384615383
2026-01-01,1.1923076923076923
2026-01-02,1.9230769230769231
2026-01-03,5.038461538461538
2026-01-04,3.1153846153846154
2026-01-05,2.769230769230769
2026-01-06,3.1153846153846154
2026-01-07,3.0
2026-01-08,1.9230769230769231
2026-01-09,3.230769230769231
2026-01-10,2.076923076923077
2026-01-11,2.076923076923077
2026-01-12,2.307692307692308
2026-01-13,3.4615384615384617
2026-01-14,3.4615384615384617
2026-01-15,3.230769230769231
2026-01-16,6.6923076923076925
2026-01-17,4.153846153846154
2026-01-18,3.6923076923076925
2026-01-19,3.6923076923076925
2026-01-20,4.153846153846154
2026-01-21,4.846153846153847
2026-01-22,3.9230769230769234
2026-01-23,4.153846153846154
2026-01-24,2.769230769230769
2026-01-25,5.307692307692308
2026-01-26,3.9230769230769234
2026-01-27,3.4615384615384617
2026-01-28,4.153846153846154
2026-01-29,4.846153846153847
2026-01-30,5.538461538461538
2026-01-31,5.769230769230769
2026-02-01,6.461538461538462
2026-02-02,4.846153846153847
2026-02-03,3.9230769230769234
2026-02-04,6.6923076923076925
2026-02-05,5.769230769230769
2026-02-06,5.0769230769230775
2026-02-07,5.538461538461538
2026-02-08,5.538461538461538
2026-02-09,6.0
2026-02-10,4.615384615384616
2026-02-11,4.615384615384616
2026-02-12,5.538461538461538
2026-02-13,5.0769230769230775
2026-02-14,2.307692307692308
2026-02-15,4.615384615384616
2026-02-16,5.769230769230769
2026-02-17,3.9230769230769234
2026-02-18,4.846153846153847
2026-02-19,3.230769230769231
2026-02-20,3.6923076923076925
2026-02-21,2.5384615384615388
2026-02-22,4.384615384615385
2026-02-23,3.6923076923076925
2026-02-24,2.769230769230769
2026-02-25,4.615384615384616
2026-02-26,3.6923076923076925
2026-02-27,4.615384615384616
2026-02-28,3.230769230769231
2026-03-01,2.5384615384615388
2026-03-02,7.153846153846154
2026-03-03,7.615384615384616
2026-03-04,23.076923076923077
2026-03-05,7.846153846153847
2026-03-06,7.384615384615385
2026-03-07,5.769230769230769
2026-03-08,9.230769230769232
2026-03-09,9.923076923076923
2026-03-10,4.384615384615385
2026-03-11,6.230769230769231
2026-03-12,6.0
2026-03-13,4.153846153846154
2026-03-14,4.153846153846154
2026-03-15,11.076923076923077
2026-03-16,5.538461538461538
2026-03-17,4.384615384615385
2026-03-18,6.923076923076923
2026-03-19,3.230769230769231
2026-03-20,3.6923076923076925
2026-03-21,3.9230769230769234
2026-03-22,4.384615384615385
2026-03-23,3.0
2026-03-24,3.0
2026-03-25,4.615384615384616
2026-03-26,2.076923076923077
2026-03-27,3.4615384615384617
2026-03-28,3.230769230769231
2026-03-29,2.5384615384615388
2026-03-30,2.076923076923077
2026-03-31,3.9230769230769234
2026-04-01,3.9230769230769234
2026-04-02,2.769230769230769
2026-04-03,2.076923076923077
2026-04-04,3.0
2026-04-05,2.769230769230769
2026-04-06,1.8461538461538463
2026-04-07,2.5384615384615388
2026-04-08,8.076923076923077
2026-04-09,3.6923076923076925
2026-04-10,3.4615384615384617
2026-04-11,3.230769230769231
2026-04-12,10.846153846153847
2026-04-13,5.769230769230769
2026-04-14,4.615384615384616
2026-04-15,3.4615384615384617
2026-04-16,3.4615384615384617
2026-04-17,6.923076923076923
2026-04-18,2.076923076923077
2026-04-19,2.307692307692308
2026-04-20,2.769230769230769
2026-04-21,4.153846153846154
2026-04-22,5.769230769230769
2026-04-23,3.9230769230769234
2026-04-24,3.9230769230769234
2026-04-25,2.076923076923077
2026-04-26,2.769230769230769
2026-04-27,2.307692307692308
2026-04-28,2.307692307692308
2026-04-29,3.230769230769231
2026-04-30,3.4615384615384617
2026-05-01,1.6153846153846154
2026-05-02,3.0
2026-05-03,3.9230769230769234
2026-05-04,7.384615384615385
2026-05-05,6.923076923076923
2026-05-06,9.461538461538462
2026-05-07,6.0
2026-05-08,5.538461538461538
2026-05-09,5.307692307692308
2026-05-10,4.153846153846154
2026-05-11,3.6923076923076925
2026-05-12,3.9230769230769234
2026-05-13,5.307692307692308
2026-05-14,2.5384615384615388
2026-05-15,2.5384615384615388
2026-05-16,2.307692307692308
2026-05-17,4.384615384615385
2026-05-18,2.076923076923077
2026-05-19,3.6923076923076925
2026-05-20,10.153846153846155
2026-05-21,3.9230769230769234
2026-05-22,2.769230769230769
2026-05-23,3.4615384615384617
2026-05-24,1.6153846153846154
2026-05-25,1.3846153846153846
2026-05-26,2.769230769230769
2026-05-27,5.538461538461538
2026-05-28,2.769230769230769
2026-05-29,3.0
2026-05-30,3.230769230769231
2026-05-31,4.153846153846154
